accuracy,precision,recall,f1_score
0.8314,0.8564974182444062,0.7962,0.8252487562189055
