,precision,recall,f1-score,support
0,0.8785942492012779,0.8647798742138365,0.8716323296354992,318.0
1,0.9205175600739371,0.9291044776119403,0.924791086350975,536.0
accuracy,0.905152224824356,0.905152224824356,0.905152224824356,0.905152224824356
macro avg,0.8995559046376076,0.8969421759128884,0.898211707993237,854.0
weighted avg,0.9049067721845864,0.905152224824356,0.9049966078550483,854.0
