feature,importance
Area,0.6950620312445447
Location_Rural,0.2043636346950629
Location_Suburb,0.07368129465195096
Bedrooms,0.018377308734221786
Age,0.006262470345095424
Bathrooms,0.0011501176958899886
Property_Type_Villa,0.0006548048363834277
Property_Type_House,0.00044833779685089564
